Time,Channel A,Channel B
(us),(mV),(V)

-50.06597544,-131.16850000,-1.08325400
-50.01597544,-131.26010000,-0.96835230
-49.96597545,-131.77890000,-0.83513900
-49.91597545,-133.15230000,-0.71687980
-49.86597545,-128.28450000,-0.58427690
-49.81597545,-118.57970000,-0.47120580
-49.76597546,-106.43330000,-0.34028140
-49.71597546,-93.85966000,-0.22553180
-49.66597546,-84.41419000,-0.09247109
-49.61597547,-80.27894000,0.02502518
-49.56597547,-75.31968000,0.16113770
-49.51597547,-71.23020000,0.28138070
-49.46597548,-66.57613000,0.41764580
-49.41597548,-62.50190000,0.53559980
-49.36597548,-58.83968000,0.67018650
-49.31597548,-56.59657000,0.78707240
-49.26597549,-53.23954000,0.92059080
-49.21597549,-49.66887000,1.03671400
-49.16597549,-46.29657000,1.16702800
-49.11597550,-43.94665000,1.27811500
-49.06597550,-41.09317000,1.40492000
-49.01597550,-38.52962000,1.51478600
-48.96597551,-35.55406000,1.63686000
-48.91597551,-32.89895000,1.74001300
-48.86597551,-30.24384000,1.85735600
-48.81597551,-28.27540000,1.95913600
-48.76597552,-25.65080000,2.07129100
-48.71597552,-23.01095000,2.16528800
-48.66597552,-20.52369000,2.27164500
-48.61597553,-18.79940000,2.36350600
-48.56597553,-16.69362000,2.46223300
-48.51597553,-14.78622000,2.54265000
-48.46597554,-12.52785000,2.63252700
-48.41597554,-10.46785000,2.70836500
-48.36597554,-8.28577500,2.79259600
-48.31597554,-6.54622000,2.86401000
-48.26597555,-4.39466500,2.93984800
-48.21597555,-2.42622100,3.00088500
-48.16597555,-0.04577776,3.06588900
-48.11597556,1.43437000,3.11838100
-48.06597556,10.04059000,3.17041500
-48.01597556,23.11777000,3.20856400
-47.96597556,42.81747000,3.24716900
-47.91597557,66.36250000,3.27524600
-47.86597557,76.52515000,3.30896900
-47.81597557,70.51302000,3.33994600
-47.76597558,73.50382000,3.36603900
-47.71597558,83.78856000,3.38114600
-47.66597558,88.21375000,3.39533700
-47.61597559,85.87908000,3.40495000
-47.56597559,88.93093000,3.40937500
-47.51597559,96.37745000,3.40739200
-47.46597559,100.34490000,3.40205100
-47.41597560,100.05490000,3.39457400
-47.36597560,102.86260000,3.37946700
-47.31597560,107.89820000,3.36054600
-47.26597561,111.17890000,3.33353700
-47.21597561,111.97240000,3.30515500
-47.16597561,114.81060000,3.26822700
-47.11597562,118.91540000,3.23175800
-47.06597562,121.93670000,3.18552200
-47.01597562,123.15740000,3.14127000
-46.96597562,125.66000000,3.08511600
-46.91597563,128.74230000,3.03155600
-46.86597563,131.27540000,2.96563600
-46.81597563,132.63340000,2.90414100
-46.76597564,134.83080000,2.82967600
-46.71597564,137.28750000,2.76116200
-46.66597564,139.28650000,2.67815200
-46.61597564,140.30880000,2.60200800
-46.56597565,141.98740000,2.51030000
-46.51597565,143.83370000,2.42637400
-46.46597565,145.40540000,2.32764700
-46.41597566,146.30570000,2.23914300
-46.36597566,147.63330000,2.13324400
-46.31597566,149.02190000,2.03711100
-46.26597567,150.33420000,1.92495500
-46.21597567,151.29550000,1.82546500
-46.16597567,152.02790000,1.70720500
-46.11597567,152.28740000,1.60008500
-46.06597568,152.89770000,1.47755400
-46.01597568,153.72170000,1.37058600
-45.96597568,154.04220000,1.24393400
-45.91597569,153.76750000,1.12964300
-45.86597569,153.69120000,0.99795530
-45.81597569,153.79800000,0.88229010
-45.76597570,153.59970000,0.74816130
-45.71597570,153.18770000,0.63005470
-45.66597570,152.53150000,0.49394210
-45.61597570,151.72280000,0.37430950
-45.56597571,150.95980000,0.23743400
-45.51597571,150.44100000,0.11810660
-45.46597571,149.29650000,-0.01953185
-45.41597572,147.83160000,-0.14053770
-45.36597572,146.51930000,-0.27756580
-45.31597572,145.71060000,-0.39551990
-45.26597573,144.07790000,-0.53132720
-45.21597573,142.00260000,-0.65065460
-45.16597573,139.98840000,-0.78539380
-45.11597573,138.52350000,-0.90136410
-45.06597574,136.31090000,-1.03305100
-45.01597574,133.94570000,-1.14703800
-44.96597574,131.38220000,-1.27536800
-44.91597575,129.27640000,-1.38554000
-44.86597575,126.62130000,-1.50914000
-44.81597575,124.11880000,-1.61442900
-44.76597575,121.06690000,-1.73375700
-44.71597576,118.24400000,-1.83706200
-44.66597576,115.08530000,-1.95028500
-44.61597576,112.41490000,-2.04474000
-44.56597577,109.02740000,-2.15201300
-44.51597577,105.77710000,-2.24494100
-44.46597577,102.34380000,-2.34550000
-44.41597578,99.61241000,-2.42851000
-44.36597578,96.02648000,-2.52067600
-44.31597578,92.48634000,-2.59834600
-44.26597578,88.61049000,-2.68364500
-44.21597579,85.34501000,-2.75475300
-44.16597579,81.30131000,-2.83257600
-44.11597579,77.48649000,-2.89773200
-44.06597580,73.35123000,-2.96578900
-44.01597580,69.90264000,-3.01995900
-43.96597580,65.81316000,-3.07718100
-43.91597581,62.18146000,-3.12234900
-43.86597581,57.71050000,-3.17041500
-43.81597581,53.48368000,-3.20902100
-43.76597581,49.08902000,-3.24839000
-43.71597582,45.60991000,-3.27875600
-43.66597582,41.30680000,-3.30774900
-43.61597582,37.29362000,-3.32819600
-43.56597583,32.82265000,-3.34604900
-43.51597583,29.02310000,-3.35673100
-43.46597583,24.52162000,-3.36420800
-43.41597583,20.44740000,-3.36649700
-43.36597584,15.99170000,-3.36436100
-43.31597584,12.23792000,-3.35825700
-43.26597584,8.10266400,-3.34528600
-43.21597585,4.71510900,-3.32865400
-43.16597585,0.56459240,-3.30439200
-43.11597585,-3.26548000,-3.27860400
-43.06597586,-7.79747900,-3.24503300
-43.01597586,-11.99377000,-3.21222600
-42.96597586,-16.03748000,-3.16904200
-42.91597586,-18.87570000,-3.12616300
-42.86597587,-22.50740000,-3.07229800
-42.81597587,-25.95599000,-3.02072200
-42.76597587,-29.78606000,-2.95693800
-42.71597588,-33.06680000,-2.89681700
-42.66597588,-36.97317000,-2.82494600
-42.61597588,-40.62014000,-2.75963600
-42.56597589,-43.88562000,-2.67922000
-42.51597589,-45.89983000,-2.60414400
-42.46597589,-48.96695000,-2.51426700
-42.41597589,-52.26294000,-2.43217300
-42.36597590,-55.45213000,-2.33497100
-42.31597590,-57.78679000,-2.24753600
-42.26597590,-60.51820000,-2.14346700
-42.21597591,-62.89865000,-2.04947000
-42.16597591,-65.49271000,-1.93899300
-42.11597591,-67.65953000,-1.84011400
-42.06597592,-69.78057000,-1.72307500
-42.01597592,-71.26072000,-1.61732800
-41.96597592,-73.29019000,-1.49540700
-41.91597592,-75.38071000,-1.38828700
-41.86597593,-77.08975000,-1.26178800
-41.81597593,-78.02057000,-1.14810600
-41.76597593,-79.28709000,-1.01748700
-41.71597594,-80.55360000,-0.90319530
-41.66597594,-81.68279000,-0.76937160
-41.61597594,-82.39997000,-0.65004430
-41.56597594,-83.30026000,-0.51332130
-41.51597595,-84.15479000,-0.39384140
-41.46597595,-84.78041000,-0.25696580
-41.41597595,-85.03982000,-0.13763850
-41.36597596,-85.22293000,0.00015259
-41.31597596,-85.25345000,0.12146370
-41.26597596,-85.28397000,0.25894950
-41.21597597,-85.32975000,0.37766660
-41.16597597,-84.90249000,0.51545760
-41.11597597,-84.07848000,0.63753160
-41.06597597,-83.57493000,0.77333900
-41.01597598,-83.49863000,0.88854640
-40.96597598,-82.76619000,1.02099700
-40.91597598,-81.54546000,1.13696700
-40.86597599,-80.41627000,1.26697600
-40.81597599,-79.63805000,1.37806300
-40.76597599,-78.27998000,1.50349400
-40.71597600,-76.67775000,1.61122500
-40.66597600,-74.96871000,1.73314600
-40.61597600,-73.54960000,1.83828200
-40.56597600,-71.81005000,1.95425300
-40.51597601,-70.22309000,2.05175900
-40.46597601,-68.08679000,2.16162600
-40.41597601,-65.93523000,2.25592800
-40.36597602,-63.67687000,2.35938600
-40.31597602,-61.93731000,2.44544800
-40.26597602,-59.48057000,2.54158100
-40.21597602,-56.94754000,2.62291300
-40.16597603,-54.41450000,2.71111200
-40.11597603,-52.58339000,2.78359300
-40.06597603,-49.88250000,2.86370400
-40.01597604,-47.01376000,2.93099800
-39.96597604,-44.03821000,3.00241100
-39.91597604,-41.64250000,3.06009100
-39.86597605,-38.75851000,3.12112800
-39.81597605,-36.16443000,3.16980500
-39.76597605,-32.95999000,3.22214400
-39.71597605,-29.92340000,3.26487000
-39.66597606,-26.70370000,3.30820600
-39.61597606,-24.12488000,3.34116600
-39.56597606,-20.96622000,3.37351600
-39.51597607,-18.06696000,3.39671000
-39.46597607,-14.77096000,3.41807300
-39.41597607,-11.88696000,3.43180600
-39.36597608,-8.65199800,3.44309800
-39.31597608,-5.89007200,3.44874400
-39.26597608,-2.59407300,3.45072800
-39.21597608,0.44251840,3.44889700
-39.16597609,3.58592500,3.43974100
-39.11597609,6.04266500,3.42570300
-39.06597609,9.26236700,3.40540800
-39.01597610,12.45155000,3.38389200
-38.96597610,15.54918000,3.35413700
-38.91597610,17.77703000,3.32361800
-38.86597611,20.70681000,3.28394400
-38.81597611,23.57555000,3.24503300
-38.76597611,26.42903000,3.19483000
-38.71597611,28.55006000,3.14584800
-38.66597612,31.23569000,3.08603200
-38.61597612,33.79925000,3.03033500
-38.56597612,36.42384000,2.96182100
-38.51597613,38.48384000,2.89773200
-38.46597613,40.69643000,2.81975800
-38.41597613,42.45124000,2.74773400
-38.36597613,44.67910000,2.66136700
-38.31597614,46.83065000,2.58262900
-38.26597614,48.81435000,2.48802100
-38.21597614,50.12665000,2.40165400
-38.16597615,51.91198000,2.29987500
-38.11597615,53.74309000,2.20862500
-38.06597615,55.34531000,2.10058900
-38.01597616,56.36768000,2.00338700
-37.96597616,57.52739000,1.88833300
-37.91597616,58.50398000,1.78472200
-37.86597616,59.51109000,1.66463200
-37.81597617,60.28931000,1.55827500
-37.76597617,60.96072000,1.43406500
-37.71597617,61.32694000,1.32358800
-37.66597618,61.73894000,1.19556300
-37.61597618,62.10516000,1.08249200
-37.56597618,62.15094000,0.95004120
-37.51597619,61.84576000,0.83178200
-37.46597619,61.83050000,0.69689020
-37.41597619,62.10516000,0.57985170
-37.36597619,61.81524000,0.44343390
-37.31597620,61.03701000,0.32242800
-37.26597620,60.21301000,0.18433180
-37.21597620,59.52635000,0.06439406
-37.16597621,58.61079000,-0.07263406
-37.11597621,57.74102000,-0.19150360
-37.06597621,56.39820000,-0.32898950
-37.01597621,54.90280000,-0.45045320
-36.96597622,53.49894000,-0.58595540
-36.91597622,52.58339000,-0.70146790
-36.86597622,50.76754000,-0.83452860
-36.81597623,48.49391000,-0.95141450
-36.76597623,46.43391000,-1.08249200
-36.71597623,45.10636000,-1.19418900
-36.66597624,42.93954000,-1.32145100
-36.61597624,40.51332000,-1.43162300
-36.56597624,37.91925000,-1.55415500
-36.51597624,35.75243000,-1.65776500
-36.46597625,33.00576000,-1.77419400
-36.41597625,30.36592000,-1.87368400
-36.36597625,27.17673000,-1.98568700
-36.31597626,24.17066000,-2.08212500
-36.26597626,20.96622000,-2.18741400
-36.21597626,18.40266000,-2.27500200
-36.16597627,14.99985000,-2.37266200
-36.11597627,11.62755000,-2.45536700
-36.06597627,7.99584900,-2.54554900
-36.01597627,5.02029500,-2.62016700
-35.96597628,1.15970300,-2.70256700
-35.91597628,-2.60933200,-2.77214900
-35.86597628,-6.54622000,-2.84630900
-35.81597629,-9.68962700,-2.90673500
-35.76597629,-13.42814000,-2.97067200
-35.71597629,-16.75466000,-3.02209500
-35.66597630,-20.78310000,-3.07626600
-35.61597630,-24.49110000,-3.11883900
-35.56597630,-28.73318000,-3.16446400
-35.51597630,-32.44117000,-3.20123900
-35.46597631,-36.65273000,-3.23755600
-35.41597631,-40.29969000,-3.26441200
-35.36597631,-44.37391000,-3.28882700
-35.31597632,-47.82250000,-3.30484900
-35.26597632,-52.00354000,-3.31873500
-35.21597632,-55.86413000,-3.32712800
-35.16597632,-59.98413000,-3.33155300
-35.11597633,-63.28012000,-3.33109500
-35.06597633,-67.32383000,-3.32499200
-35.01597633,-71.07761000,-3.31507300
-34.96597634,-75.04501000,-3.29813500
-34.91597634,-78.23419000,-3.27829800
-34.86597634,-81.98797000,-3.25113700
-34.81597635,-85.40604000,-3.22321200
-34.76597635,-88.74783000,-3.18628500
-34.71597635,-92.12011000,-3.14951000
-34.66597635,-86.30634000,-3.10663200
-34.61597636,-72.31360000,-3.06878900
-34.56597636,-61.63213000,-3.01751800
-34.51597636,-55.87939000,-2.96594100
-34.46597637,-50.35554000,-2.90353100
-34.41597637,-46.72383000,-2.84585100
-34.36597637,-43.88562000,-2.77337000
-34.31597638,-42.86324000,-2.70455000
-34.26597638,-40.43702000,-2.62306600
-34.21597638,-37.30888000,-2.54951600
-34.16597638,-34.89791000,-2.45963900
-34.11597639,-33.75347000,-2.37647600
-34.06597639,-32.01391000,-2.27866500
-34.01597639,-30.22858000,-2.19138100
-33.96597640,-28.07703000,-2.08716100
-33.91597640,-26.03229000,-1.99270600
-33.86597640,-24.21644000,-1.88070300
-33.81597640,-23.10251000,-1.77953400
-33.76597641,-21.21036000,-1.66264800
-33.71597641,-18.99777000,-1.55980100
-33.66597641,-17.31925000,-1.43833700
-33.61597642,-16.60207000,-1.32908100
-33.56597642,-15.15244000,-1.20227700
-33.51597642,-13.41288000,-1.08996900
-33.46597643,-11.52074000,-0.95873900
-33.41597643,-9.93377500,-0.84154790
-33.36597643,-8.13318300,-0.70772420
-33.31597643,-6.59199800,-0.59099100
-33.26597644,-4.88296100,-0.45594650
-33.21597644,-3.41807300,-0.33722950
-33.16597644,-2.07525800,-0.20096440
-33.11597645,-1.20548100,-0.08194220
-33.06597645,0.09155552,0.05539110
-33.01597645,1.43437000,0.17563400
-32.96597646,2.97555400,0.31403550
-32.91597646,4.34888700,0.43549910
-32.86597646,5.67644300,0.57176430
-32.81597646,6.54622000,0.68819240
-32.76597647,7.98059000,0.82232120
-32.71597647,9.53703400,0.94012270
-32.66597647,11.27659000,1.07196300
-32.61597648,11.81066000,1.18457600
-32.56597648,22.65999000,1.30878600
-32.51597648,41.24576000,1.41270200
-32.46597648,60.41138000,1.52958800
-32.41597649,77.53227000,1.62862000
-32.36597649,84.09374000,1.74550600
-32.31597649,77.63908000,1.85049000
-32.26597650,79.51598000,1.96462900
-32.21597650,88.54945000,2.05938900
-32.16597650,91.87596000,2.16635600
-32.11597651,88.88515000,2.25852200
-32.06597651,91.00620000,2.35923300
-32.01597651,97.47611000,2.44331200
-31.96597651,100.51270000,2.53624100
-31.91597652,99.45982000,2.61406300
-31.86597652,101.96230000,2.69966700
-31.81597652,107.24200000,2.77123300
-31.76597653,110.30920000,2.84875000
-31.71597653,110.47700000,2.91268700
-31.66597653,113.05580000,2.98013200
-31.61597654,117.29790000,3.03384500
-31.56597654,120.31920000,3.09183000
-31.51597654,121.43310000,3.13943900
-31.46597654,124.22560000,3.18811600
-31.41597655,127.93360000,3.22565400
-31.36597655,131.09220000,3.26532800
-31.31597655,132.98440000,3.29722000
-31.26597656,135.80740000,3.32651800
-31.21597656,138.76770000,3.34620200
-31.16597656,141.74320000,3.36390300
-31.11597657,143.98630000,3.37504200
-31.06597657,146.91610000,3.38236600
-31.01597657,149.78480000,3.38374000
-30.96597657,152.72990000,3.38160300
-30.91597658,155.03400000,3.37672000
-30.86597658,157.75020000,3.36436100
-30.81597658,160.14590000,3.34788100
-30.76597659,162.83150000,3.32422900
-30.71597659,165.12040000,3.29905100
-30.66597659,167.82130000,3.26609100
-30.61597659,170.27800000,3.23404600
-30.56597660,172.76530000,3.19086300
-30.51597660,174.67270000,3.14767900
-30.46597660,176.91580000,3.09381400
-30.41597661,178.88420000,3.04284800
-30.36597661,181.09680000,2.98028500
-30.31597661,183.00420000,2.92214700
-30.26597662,184.95740000,2.85012400
-30.21597662,186.43760000,2.78267800
-30.16597662,188.26870000,2.70226100
-30.11597662,189.99300000,2.62901700
-30.06597663,191.57990000,2.54020800
-30.01597663,192.61760000,2.45841900
-29.96597663,193.92990000,2.36106400
-29.91597664,195.19640000,2.27271300
-29.86597664,196.31030000,2.16864500
-29.81597664,196.99700000,2.07556400
-29.76597665,197.82100000,1.96523900
-29.71597665,198.62970000,1.86590200
-29.66597665,198.56870000,1.74855800
-29.61597665,197.51580000,1.64281100
-29.56597666,197.80570000,1.52150000
-29.51597666,199.30110000,1.41544800
-29.46597666,200.23190000,1.29108600
-29.41597667,200.47610000,1.18030300
-29.36597667,200.99490000,1.05014200
-29.31597667,201.68160000,0.93356120
-29.26597667,201.84940000,0.79989020
-29.21597668,201.60530000,0.68285170
-29.16597668,199.92670000,0.54704430
-29.11597668,196.98170000,0.42680140
-29.06597669,195.76100000,0.29038360
-29.01597669,196.52390000,0.17242960
-28.96597669,196.37130000,0.03570666
-28.91597670,195.62360000,-0.08484146
-28.86597670,193.99090000,-0.22278510
-28.81597670,191.77830000,-0.34302800
-28.76597670,189.58100000,-0.47929320
-28.71597671,187.88720000,-0.59663680
-28.66597671,185.88820000,-0.73168130
-28.61597671,184.13340000,-0.84994050
-28.56597672,182.28700000,-0.98254340
-28.51597672,180.91370000,-1.09561400
-28.46597672,178.36540000,-1.22486000
-28.41597673,175.28310000,-1.33747400
-28.36597673,172.35330000,-1.46305700
-28.31597673,170.24750000,-1.56987200
-28.26597673,167.34820000,-1.69011500
-28.21597674,164.41850000,-1.79311500
-28.16597674,161.41240000,-1.90847500
-28.11597674,159.10820000,-2.00659200
-28.06597675,155.67490000,-2.11600100
-28.01597675,151.98220000,-2.20877700
-27.96597675,148.24370000,-2.31177700
-27.91597676,145.32910000,-2.39875500
-27.86597676,141.89580000,-2.49321000
-27.81597676,138.87450000,-2.57087900
-27.76597676,135.02910000,-2.65816200
-27.71597677,131.27540000,-2.73278000
-27.66597677,127.24690000,-2.81228100
-27.61597677,123.96620000,-2.87652200
-27.56597678,119.80040000,-2.94640900
-27.51597678,115.83300000,-3.00409000
-27.46597678,111.59090000,-3.06482100
-27.41597678,108.18810000,-3.11288800
-27.36597679,103.82400000,-3.16400600
-27.31597679,99.61241000,-3.20520600
-27.26597679,95.04989000,-3.24716900
-27.21597680,91.26560000,-3.27967200
-27.16597680,86.80990000,-3.31186900
-27.11597680,82.82722000,-3.33567300
-27.06597681,78.32575000,-3.35673100
-27.01597681,74.43464000,-3.36954900
-26.96597681,70.00946000,-3.37962000
-26.91597681,66.19464000,-3.38419700
-26.86597682,61.67790000,-3.38435000
-26.81597682,57.58842000,-3.38007800
-26.76597682,53.05643000,-3.37031100
-26.71597683,49.18058000,-3.35764600
-26.66597683,44.84695000,-3.33719900
-26.61597683,41.18472000,-3.31370000
-26.56597684,36.92739000,-3.28302900
-26.51597684,33.18888000,-3.25296800
-26.46597684,28.97732000,-3.21237800
-26.41597684,25.36088000,-3.17178900
-26.36597685,21.28666000,-3.12082300
-26.31597685,17.77703000,-3.07229800
-26.26597685,13.88592000,-3.01126100
-26.21597686,10.60518000,-2.95327600
-26.16597686,6.85140500,-2.88277800
-26.11597686,3.57066500,-2.81762100
-26.06597686,-0.15259250,-2.73918900
-26.01597687,-3.38755400,-2.66777500
-25.96597687,-6.74459000,-2.58095000
-25.91597687,-9.35392300,-2.50114400
-25.86597688,-12.58889000,-2.40653700
-25.81597688,-15.62548000,-2.32154300
-25.76597688,-18.63155000,-2.21915300
-25.71597689,-20.84414000,-2.12530900
-25.66597689,-23.52977000,-2.01590000
-25.61597689,-25.97125000,-1.91869900
-25.56597689,-28.50429000,-1.80303400
-25.51597690,-30.50325000,-1.69850800
-25.46597690,-32.70058000,-1.57780700
-25.41597690,-34.53169000,-1.47175500
-25.36597691,-36.45436000,-1.34708700
-25.31597691,-37.94976000,-1.23584700
-25.26597691,-39.49095000,-1.10583800
-25.21597692,-40.63540000,-0.99002050
-25.16597692,-42.06976000,-0.85680720
-25.11597692,-43.45835000,-0.74007390
-25.06597692,-44.46547000,-0.60457170
-25.01597693,-44.78591000,-0.48478650
-24.96597693,-45.59465000,-0.34806360
-24.91597693,-46.66280000,-0.22904140
-24.86597694,-47.22739000,-0.09155553
-24.81597694,-47.13583000,0.02960295
-24.76597694,-47.33421000,0.16785180
-24.71597695,-47.73095000,0.28809470
-24.66597695,-47.66991000,0.42603840
-24.61597695,-47.16635000,0.54673910
-24.56597695,-46.80013000,0.68315680
-24.51597696,-46.64754000,0.80080570
-24.46597696,-46.15924000,0.93462940
-24.41597696,-45.48784000,1.05044700
-24.36597697,-44.54176000,1.18182900
-24.31597697,-43.53465000,1.29520600
-24.26597697,-42.45124000,1.42231500
-24.21597697,-41.59673000,1.53035100
-24.16597698,-40.13184000,1.65303500
-24.11597698,-38.42280000,1.75939200
-24.06597698,-36.77480000,1.87704100
-24.01597699,-35.59984000,1.97637900
-23.96597699,-33.81451000,2.08792400
-23.91597699,-31.87658000,2.18314100
-23.86597700,-29.83184000,2.28827800
-23.81597700,-28.18384000,2.37662900
-23.76597700,-26.04755000,2.47489900
-23.71597700,-23.98755000,2.55821400
-23.66597701,-21.50029000,2.64915900
-23.61597701,-19.16562000,2.72484500
-23.56597701,-16.66311000,2.80739800
-23.51597702,-14.64888000,2.87606400
-23.46597702,-11.93274000,2.95022400
-23.41597702,-9.18607000,3.01095600
-23.36597703,-6.28681300,3.07489300
-23.31597703,-3.96740600,3.12524800
-23.26597703,-1.08340700,3.18002900
-23.21597703,1.58696200,3.22504400
-23.16597704,4.62355400,3.27127900
-23.11597704,7.23288600,3.30729100
-23.06597704,10.20844000,3.34238700
-23.01597705,12.74148000,3.36726000
-22.96597705,15.93066000,3.39167500
-22.91597705,18.99777000,3.40922300
-22.86597705,22.14118000,3.42371900
-22.81597706,24.55214000,3.43165400
-22.76597706,27.72606000,3.43607900
-22.71597706,30.83895000,3.43592600
-22.66597707,33.93658000,3.42997500
-22.61597707,36.22547000,3.41944600
-22.56597707,39.23154000,3.40281400
-22.51597708,42.19184000,3.38419700
-22.46597708,45.18265000,3.35734100
-22.41597708,47.45628000,3.32911200
-22.36597708,50.27924000,3.29172600
-22.31597709,52.94961000,3.25464700
-22.26597709,55.74205000,3.20780100
-22.21597709,57.98516000,3.16339600
-22.16597710,60.57924000,3.10678400
-22.11597710,62.86813000,3.05215600
-22.06597710,65.18753000,2.98547300
-22.01597711,66.92709000,2.92336800
-21.96597711,69.17020000,2.84829300
-21.91597711,71.39805000,2.77977800
-21.86597711,73.44279000,2.69570000
-21.81597712,74.78560000,2.61726700
-21.76597712,76.75404000,2.52494900
-21.71597712,78.84457000,2.44209100
-21.66597713,80.59938000,2.34290600
-21.61597713,81.59123000,2.25241900
-21.56597713,83.10189000,2.14636700
-21.51597714,84.71938000,2.05191200
-21.46597714,85.95538000,1.93975700
-21.41597714,86.51997000,1.83828200
-21.36597714,87.40501000,1.71926000
-21.31597715,88.33582000,1.61305600
-21.26597715,89.22086000,1.48960800
-21.21597715,89.89227000,1.38050500
-21.16597716,90.25849000,1.25293700
-21.11597716,90.19745000,1.13910300
-21.06597716,90.30427000,1.00802600
-21.01597716,90.59419000,0.89297160
-20.96597717,90.35004000,0.75899540
-20.91597717,89.63286000,0.63997320
-20.86597717,89.28190000,0.50386060
-20.81597718,89.43449000,0.38529620
-20.76597718,88.73256000,0.24781030
-20.71597718,87.35923000,0.12634660
-20.66597719,86.32160000,-0.01083407
-20.61597719,85.89434000,-0.12894070
-20.56597719,84.58204000,-0.26596880
-20.51597719,82.73567000,-0.38682210
-20.46597720,81.16397000,-0.52308730
-20.41597720,80.27894000,-0.64027830
-20.36597720,78.52412000,-0.77440710
-20.31597721,76.40308000,-0.89129300
-20.26597721,74.20575000,-1.02359100
-20.21597721,72.49671000,-1.13788300
-20.16597722,70.23835000,-1.26590800
-20.11597722,68.07153000,-1.37516400
-20.06597722,65.41642000,-1.49937400
-20.01597722,62.92916000,-1.60679900
-19.96597723,60.18250000,-1.72536400
-19.91597723,57.90887000,-1.82470200
-19.86597723,54.82650000,-1.93746800
-19.81597724,51.71361000,-2.03482200
-19.76597724,48.34132000,-2.14239900
-19.71597724,45.56413000,-2.23273400
-19.66597724,42.11554000,-2.33268200
-19.61597725,38.88058000,-2.41676100
-19.56597725,35.24888000,-2.50877400
-19.51597725,32.13599000,-2.58552800
-19.46597726,28.32117000,-2.66960700
-19.41597726,24.75051000,-2.73949400
-19.36597726,20.63051000,-2.81624800
-19.31597727,16.90725000,-2.88033700
-19.26597727,13.01614000,-2.94808800
-19.21597727,9.96429300,-3.00241100
-19.16597727,5.96636800,-3.05917500
-19.11597728,2.07525800,-3.10388500
-19.06597728,-2.27362900,-3.15118900
-19.01597728,-5.98162700,-3.18903200
-18.96597729,-10.28474000,-3.22824800
-18.91597729,-14.09955000,-3.25922400
-18.86597729,-18.31110000,-3.28745400
-18.81597730,-21.83599000,-3.30591800
-18.76597730,-26.10858000,-3.32255000
-18.71597730,-30.07599000,-3.33307900
-18.66597730,-34.44014000,-3.34025100
-18.61597731,-38.13287000,-3.34238700
-18.56597731,-42.49702000,-3.33918300
-18.51597731,-46.46443000,-3.33140000
-18.46597732,-50.75228000,-3.31751500
-18.41597732,-54.32294000,-3.30118700
-18.36597732,-58.32087000,-3.27662000
-18.31597733,-61.73894000,-3.25037400
-18.26597733,-65.76738000,-3.21558300
-18.21597733,-69.38383000,-3.18109700
-18.16597733,-73.39701000,-3.13715000
-18.11597734,-76.79983000,-3.09503500
-18.06597734,-80.46205000,-3.04071200
-18.01597734,-83.42234000,-2.98806700
-17.96597735,-87.08456000,-2.92413100
-17.91597735,-90.53316000,-2.86523000
-17.86597735,-93.98174000,-2.79229100
-17.81597735,-96.54530000,-2.72408200
-17.76597736,-99.70396000,-2.64229200
-17.71597736,-102.60320000,-2.56737000
-17.66597736,-105.48720000,-2.47795000
-17.61597737,-107.62350000,-2.39677100
-17.56597737,-110.17180000,-2.29895900
-17.51597737,-112.41490000,-2.20893000
-17.46597738,-115.26840000,-2.10486100
-17.41597738,-118.12190000,-2.01300100
-17.36597738,-120.45650000,-1.90252400
-17.31597738,-121.72310000,-1.80166000
-17.26597739,-123.34050000,-1.68401100
-17.21597739,-124.85120000,-1.57933300
-17.16597739,-126.43820000,-1.45695400
-17.11597740,-127.67420000,-1.34785000
-17.06597740,-129.24590000,-1.22135100
-17.01597740,-130.81760000,-1.10965300
-16.96597741,-131.94680000,-0.97949150
-16.91597741,-132.49610000,-0.86382640
-16.86597741,-132.20620000,-0.72985020
-16.81597741,-131.94680000,-0.61113320
-16.76597742,-122.79120000,-0.47929320
-16.71597742,-106.41800000,-0.36790060
-16.66597742,-94.13434000,-0.23621330
-16.61597743,-88.07642000,-0.11795400
-16.56597743,-81.34708000,0.01617481
-16.51597743,-76.03686000,0.13214520
-16.46597743,-71.15390000,0.26810510
-16.41597744,-68.10205000,0.38926360
-16.36597744,-63.79894000,0.52522360
-16.31597744,-59.34324000,0.64165170
-16.26597745,-55.46738000,0.77593310
-16.21597745,-53.08694000,0.89403980
-16.16597745,-50.09613000,1.02649000
-16.11597746,-47.36472000,1.13986600
-16.06597746,-44.16028000,1.26804400
-16.01597746,-41.26102000,1.37821600
-15.96597746,-38.34650000,1.50364700
-15.91597747,-36.16443000,1.61259800
-15.86597747,-33.44828000,1.73345100
-15.81597747,-30.91525000,1.83553600
-15.76597748,-28.27540000,1.95059000
-15.71597748,-26.23066000,2.04931800
-15.66597748,-23.78918000,2.15826900
-15.61597749,-21.60710000,2.24951900
-15.56597749,-19.18088000,2.35221400
-15.51597749,-17.07511000,2.44026000
-15.46597749,-14.87777000,2.53624100
-15.41597750,-13.16874000,2.61558900
-15.36597750,-10.87985000,2.70317700
-15.31597750,-8.56044200,2.77626900
-15.26597751,-6.39362700,2.85607500
-15.21597751,-4.92873900,2.92214700
-15.16597751,-2.73140600,2.99340800
-15.11597752,-0.47303690,3.05200400
-15.06597752,2.45674000,3.11319300
-15.01597752,4.15051700,3.16202300
-14.96597752,18.66207000,3.20795300
-14.91597753,43.21421000,3.23908200
-14.86597753,61.47953000,3.27478900
-14.81597753,70.61983000,3.30546000
-14.76597754,76.09790000,3.33674100
-14.71597754,75.42649000,3.36130900
-14.66597754,78.98190000,3.38190900
-14.61597754,85.55863000,3.39350600
-14.56597755,89.55656000,3.40372900
-14.51597755,90.06012000,3.40998600
-14.46597755,93.29507000,3.41059600
-14.41597756,98.31538000,3.40601800
-14.36597756,101.76400000,3.39548900
-14.31597756,102.81680000,3.38175600
-14.26597757,105.89920000,3.36115600
-14.21597757,110.21760000,3.33903000
-14.16597757,113.39150000,3.30866400
-14.11597757,114.70380000,3.27768800
-14.06597758,117.46570000,3.23694600
-14.01597758,120.94480000,3.19666100
-13.96597758,123.75250000,3.14615300
-13.91597759,125.18690000,3.09823900
-13.86597759,127.72000000,3.03766000
-13.81597759,130.69550000,2.97998000
-13.76597760,133.13700000,2.90994000
-13.71597760,134.44930000,2.84539300
-13.66597760,136.52460000,2.76757100
-13.61597760,138.79820000,2.69631000
-13.56597761,140.76660000,2.60994300
-13.51597761,141.95680000,2.53044200
-13.46597761,143.52850000,2.43537700
-13.41597762,145.06970000,2.34855200
-13.36597762,146.61090000,2.24692500
-13.31597762,147.81640000,2.15674300
-13.26597762,148.99130000,2.04825000
-13.21597763,149.84590000,1.94952200
-13.16597763,150.83770000,1.83401000
-13.11597763,151.72280000,1.73101000
-13.06597764,152.34840000,1.61046200
-13.01597764,152.53150000,1.50318900
-12.96597764,152.98930000,1.37852100
-12.91597765,153.61490000,1.26865400
-12.86597765,153.82850000,1.14032400
-12.81597765,153.56910000,1.02618500
-12.76597765,153.37080000,0.89342930
-12.71597766,153.26390000,0.77547530
-12.66597766,152.95880000,0.64058350
-12.61597766,152.53150000,0.52278210
-12.56597767,151.82960000,0.38605910
-12.51597767,150.97510000,0.26535840
-12.46597767,150.12050000,0.12817770
-12.41597768,149.52540000,0.00976592
-12.36597768,148.22840000,-0.12756740
-12.31597768,146.53460000,-0.24857330
-12.26597768,145.00870000,-0.38560140
-12.21597769,144.04740000,-0.50355540
-12.16597769,142.20100000,-0.63905760
-12.11597769,139.94260000,-0.75746940
-12.06597770,137.82160000,-0.89114050
-12.01597770,136.37190000,-1.00634800
-11.96597770,134.22040000,-1.13681400
-11.91597771,131.97730000,-1.24958000
-11.86597771,129.35270000,-1.37669000
-11.81597771,126.98750000,-1.48579400
-11.76597771,124.22560000,-1.60756300
-11.71597772,121.79940000,-1.71071500
-11.66597772,118.68650000,-1.82790600
-11.61597772,115.64990000,-1.92922800
-11.56597773,112.53700000,-2.04001000
-11.51597773,110.15660000,-2.13187100
-11.46597773,106.78430000,-2.23548100
-11.41597773,103.27460000,-2.32429000
-11.36597774,99.64293000,-2.42164400
-11.31597774,96.81997000,-2.50282300
-11.26597774,93.05093000,-2.59254700
-11.21597775,89.26664000,-2.66777500
-11.16597775,85.29922000,-2.74971800
-11.11597775,82.14056000,-2.81777400
-11.06597776,78.12738000,-2.89147600
-11.01597776,74.32782000,-2.95236100
-10.96597776,70.14679000,-3.01614400
-10.91597776,66.62190000,-3.06665300
-10.86597777,62.33405000,-3.11960200
-10.81597777,58.39716000,-3.16110700
-10.76597777,53.91095000,-3.20520600
-10.71597778,49.95880000,-3.24076100
-10.66597778,45.54887000,-3.27631400
-10.61597778,41.82561000,-3.30286600
-10.56597779,37.50724000,-3.32743300
-10.51597779,33.69243000,-3.34345500
-10.46597779,29.28251000,-3.35642600
-10.41597779,25.37614000,-3.36268200
-10.36597780,20.87466000,-3.36588600
-10.31597780,16.87674000,-3.36481800
-10.26597780,12.49733000,-3.35840900
-10.21597781,8.88088600,-3.34833800
-10.16597781,4.63881300,-3.33079000
-10.11597781,0.85451820,-3.31049500
-10.06597781,-3.38755400,-3.28226600
-10.01597782,-7.01925700,-3.25312000
-9.96597782,-11.18503000,-3.21527800
-9.91597782,-14.87777000,-3.17865500
-9.86597783,-18.82992000,-3.13074100
-9.81597783,-22.03436000,-3.08374300
-9.76597783,-25.89495000,-3.02575800
-9.71597784,-29.43510000,-2.97097700
-9.66597784,-33.23465000,-2.90429400
-9.61597784,-36.36280000,-2.84249400
-9.56597784,-39.94873000,-2.76604500
-9.51597785,-43.09213000,-2.69417400
-9.46597785,-46.43391000,-2.60902700
-9.41597785,-49.13480000,-2.53212100
-9.36597786,-52.17139000,-2.43965000
-9.31597786,-54.76546000,-2.35480800
-9.26597786,-57.64946000,-2.25501300
-9.21597787,-60.13672000,-2.16528800
-9.16597787,-62.68502000,-2.05801600
-9.11597787,-64.63820000,-1.96020400
-9.06597787,-67.03391000,-1.84682800
-9.01597788,-69.29227000,-1.74687900
-8.96597788,-71.41331000,-1.62831500
-8.91597788,-72.83241000,-1.52165300
-8.86597789,-74.75508000,-1.39774800
-8.81597789,-76.70827000,-1.28818600
-8.76597789,-78.35627000,-1.15955100
-8.71597789,-79.27183000,-1.04464900
-8.66597790,-80.43153000,-0.91189310
-8.61597790,-81.46916000,-0.79531230
-8.56597790,-82.58308000,-0.66087830
-8.51597791,-83.52915000,-0.54292430
-8.46597791,-84.13953000,-0.40620140
-8.41597791,-84.24634000,-0.28504290
-8.36597792,-84.52100000,-0.14740440
-8.31597792,-84.87197000,-0.02838221
-8.26597792,-85.13138000,0.10940890
-8.21597792,-85.26871000,0.23056730
-8.16597793,-85.19241000,0.36851100
-8.11597793,-84.91775000,0.48829620
-8.06597793,-84.49049000,0.62486650
-8.01597794,-84.00219000,0.74358350
-7.96597794,-83.31552000,0.87817010
-7.91597794,-82.61359000,0.99414040
-7.86597795,-81.83537000,1.12598000
-7.81597795,-81.24027000,1.24027200
-7.76597795,-79.91271000,1.36875500
-7.71597795,-78.18842000,1.47892700
-7.66597796,-76.64723000,1.60267900
-7.61597796,-75.71642000,1.70873100
-7.56597796,-73.93108000,1.82836400
-7.51597797,-71.73376000,1.93121100
-7.46597797,-69.90264000,2.04443500
-7.41597797,-68.94131000,2.13934800
-7.36597798,-66.78976000,2.24631500
-7.31597798,-63.96679000,2.33802300
-7.26597798,-61.58635000,2.43812400
-7.21597798,-60.22827000,2.52098200
-7.16597799,-57.71050000,2.61406300
-7.11597799,-54.65865000,2.69371600
-7.06597799,-51.97302000,2.77932100
-7.01597800,-50.34028000,2.84905600
-6.96597800,-47.62413000,2.92489400
-6.91597800,-44.55702000,2.98760900
-6.86597800,-41.56621000,3.05475000
-6.81597801,-39.36888000,3.10953100
-6.76597801,-36.40858000,3.16690600
-6.71597801,-33.47880000,3.21222600
-6.66597802,-30.33540000,3.26014000
-6.61597802,-27.78710000,3.29844000
-6.56597802,-24.59792000,3.33704600
-6.51597803,-21.57659000,3.36649700
-6.46597803,-18.29585000,3.39426900
-6.41597803,-15.56444000,3.41303800
-6.36597803,-12.36000000,3.43043300
-6.31597804,-9.50651600,3.44203000
-6.26597804,-6.25629400,3.44966000
-6.21597804,-3.47911000,3.45164300
-6.16597805,-0.10681480,3.44874400
-6.11597805,3.03659200,3.44172500
-6.06597805,6.21051600,3.42783900
-6.01597806,8.59096100,3.41059600
-5.96597806,11.68859000,3.38602900
-5.91597806,14.69466000,3.35993500
-5.86597806,17.76177000,3.32575500
-5.81597807,20.14222000,3.29218400
-5.76597807,22.98044000,3.24793200
-5.71597807,25.54399000,3.20459600
-5.66597808,28.38221000,3.14996800
-5.61597808,30.82369000,3.09778100
-5.56597808,33.46354000,3.03399800
-5.51597808,35.63036000,2.97494400
-5.46597809,38.08710000,2.90276800
-5.41597809,40.20813000,2.83593200
-5.36597809,42.49702000,2.75444800
-5.31597810,44.35865000,2.67891500
-5.26597810,46.46443000,2.58858000
-5.21597810,48.31080000,2.50663800
-5.16597811,50.26398000,2.40928400
-5.11597811,51.82043000,2.32154300
-5.06597811,53.48368000,2.21717000
-5.01597811,54.82650000,2.12286800
-4.96597812,56.23035000,2.01239100
-4.91597812,57.34428000,1.91412100
-4.86597812,58.22931000,1.79631900
-4.81597813,58.65657000,1.68874200
-4.76597813,58.93124000,1.56590500
-4.71597813,58.91598000,1.45878500
-4.66597814,59.45005000,1.33350600
-4.61597814,60.39613000,1.22226600
-4.56597814,61.22013000,1.09271500
-4.51597814,61.78472000,0.97766050
-4.46597815,62.57820000,0.84429450
-4.41597815,63.49376000,0.72649310
-4.36597815,63.69213000,0.59038050
-4.31597816,63.24961000,0.47090060
-4.26597816,61.70842000,0.33326210
-4.21597816,59.26694000,0.21256140
-4.16597817,57.95465000,0.07446516
-4.11597817,58.03094000,-0.04562517
-4.06597817,57.95465000,-0.18234810
-4.01597817,58.06146000,-0.30106510
-3.96597818,56.56605000,-0.43794060
-3.91597818,53.75835000,-0.55833610
-3.86597818,51.59154000,-0.69292280
-3.81597819,50.50813000,-0.80751970
-3.76597819,48.81435000,-0.93951230
-3.71597819,46.98324000,-1.05533000
-3.66597819,45.21317000,-1.18503400
-3.61597820,44.06873000,-1.29581600
-3.56597820,41.58147000,-1.42109400
-3.51597820,38.36176000,-1.52913000
-3.46597821,35.35569000,-1.64998300
-3.41597821,33.20414000,-1.75313600
-3.36597821,30.41169000,-1.86727500
-3.31597822,27.75658000,-1.96325600
-3.26597822,24.53688000,-2.07235900
-3.21597822,21.54607000,-2.16711900
-3.16597822,18.11273000,-2.26935600
-3.11597823,15.09140000,-2.35328200
-3.06597823,11.64281000,-2.44712700
-3.01597823,8.65199800,-2.52678000
-2.96597824,5.09659100,-2.61345300
-2.91597824,1.87688800,-2.68532400
-2.86597824,-1.93792500,-2.76436700
-2.81597825,-5.38651700,-2.83074400
-2.76597825,-9.18607000,-2.90108900
-2.71597825,-12.29896000,-2.95754900
-2.66597825,-16.28162000,-3.01767000
-2.61597826,-20.08118000,-3.06604200
-2.56597826,-24.30799000,-3.11670300
-2.51597826,-27.92443000,-3.15683500
-2.46597827,-31.98340000,-3.19803500
-2.41597827,-35.43199000,-3.23007900
-2.36597827,-39.58250000,-3.26136000
-2.31597827,-43.36680000,-3.28424900
-2.26597828,-47.50206000,-3.30439200
-2.21597828,-50.93539000,-3.31675200
-2.16597828,-55.10117000,-3.32621200
-2.11597829,-58.91598000,-3.33048500
-2.06597829,-63.08175000,-3.33094300
-2.01597829,-66.56087000,-3.32758600
-1.96597830,-70.49776000,-3.31705700
-1.91597830,-73.87005000,-3.30179800
-1.86597830,-77.77642000,-3.28028200
-1.81597830,-81.25553000,-3.25754600
-1.76597831,-85.05508000,-3.22656900
-1.71597831,-88.59523000,-3.19498300
-1.66597831,-89.25138000,-3.15515600
-1.61597832,-87.61864000,-3.11670300
-1.56597832,-78.31049000,-3.07077200
-1.51597832,-62.65450000,-3.02957200
-1.46597833,-53.25480000,-2.97341800
-1.41597833,-51.82043000,-2.91665400
-1.36597833,-48.44813000,-2.84951300
-1.31597833,-44.58754000,-2.78908700
-1.26597834,-41.44413000,-2.71279000
-1.21597834,-39.75036000,-2.64015600
-1.16597834,-37.78191000,-2.55455200
-1.11597835,-36.17969000,-2.47734000
-1.06597835,-33.98236000,-2.38471600
-1.01597835,-31.66295000,-2.30018000
-0.96597836,-29.77081000,-2.19931700
-0.91597836,-28.80947000,-2.10791300
-0.86597836,-26.93258000,-2.00033600
-0.81597836,-24.62844000,-1.90405000
-0.76597837,-22.58370000,-1.78991100
-0.71597837,-21.24088000,-1.68675800
-0.66597837,-19.63866000,-1.56727800
-0.61597838,-18.23481000,-1.46168400
-0.56597838,-16.29688000,-1.33747400
-0.51597838,-14.26740000,-1.22608100
-0.46597838,-12.57363000,-1.09820900
-0.41597839,-11.62755000,-0.98635820
-0.36597839,-10.05585000,-0.85436560
-0.31597839,-8.28577500,-0.73595390
-0.26597840,-6.60725700,-0.60106210
-0.21597840,-5.40177600,-0.48387100
-0.16597840,-3.96740600,-0.34821620
-0.11597841,-2.70088800,-0.22858360
-0.06597841,-1.17496300,-0.09125035
-0.01597841,0.24414810,0.02883999
0.03402159,1.63274000,0.16632590
0.08402158,2.67036900,0.28595840
0.13402158,3.98266500,0.42359690
0.18402158,5.21866500,0.54445020
0.23402157,6.57673800,0.67995240
0.28402157,7.69066400,0.79546490
0.33402157,9.18607000,0.92867820
0.38402156,10.48311000,1.04586900
0.43402156,13.45866000,1.17557300
0.48402156,16.05273000,1.28544000
0.53402156,32.95999000,1.40507200
0.58402155,61.55583000,1.50318900
0.63402155,77.08975000,1.61992300
0.68402155,76.90664000,1.72521100
0.73402154,79.66856000,1.84163900
0.78402154,83.31552000,1.94006200
0.83402154,86.30634000,2.05130200
0.88402154,87.87804000,2.14713000
0.93402153,90.33479000,2.25196100
0.98402153,92.97463000,2.33924400
1.03402153,95.84338000,2.43659800
1.08402152,98.26960000,2.51915000
1.13402152,100.86370000,2.60872200
1.18402152,102.86260000,2.68272900
1.23402151,105.71610000,2.76436700
1.28402151,108.70690000,2.83303300
1.33402151,111.54510000,2.90643000
1.38402151,113.52880000,2.96609400
1.43402150,116.26030000,3.03003000
1.48402150,119.05270000,3.08175900
1.53402150,121.93670000,3.13608200
1.58402149,124.21030000,3.17896100
1.63402149,127.15540000,3.22367000
1.68402149,130.03940000,3.25922400
1.73402148,133.04540000,3.29416800
1.78402148,135.42590000,3.31965100
1.83402148,138.30990000,3.34376000
1.88402148,140.91920000,3.36039300
1.93402147,143.86430000,3.37382100
1.98402147,146.36680000,3.38068800
2.03402147,149.31180000,3.38465500
2.08402146,151.96690000,3.38480800
2.13402146,154.69830000,3.37839900
2.18402146,156.83460000,3.36741200
2.23402145,159.55080000,3.35001700
2.28402145,162.14480000,3.33079000
2.33402145,164.95250000,3.30332400
2.38402145,167.27190000,3.27463600
2.43402144,169.88130000,3.23618300
2.48402144,172.10910000,3.19788200
2.53402144,174.52010000,3.14996800
2.58402143,176.48850000,3.10449500
2.63402143,178.76220000,3.04757800
2.68402143,180.74590000,2.99340800
2.73402143,182.85160000,2.92687800
2.78402142,184.53020000,2.86492500
2.83402142,186.25440000,2.78893400
2.88402142,187.55150000,2.71813100
2.93402141,189.24530000,2.63374700
2.98402141,190.89330000,2.55714600
3.03402141,192.41920000,2.46467500
3.08402140,193.45680000,2.37983300
3.13402140,194.83020000,2.28034300
3.18402140,196.20350000,2.19168700
3.23402140,197.31740000,2.08533000
3.28402139,197.89730000,1.98828100
3.33402139,198.61450000,1.87444700
3.38402139,199.27060000,1.77221000
3.43402138,199.86570000,1.65395100
3.48402138,200.26250000,1.54973000
3.53402138,200.58290000,1.42643500
3.58402137,200.73550000,1.31565300
3.63402137,200.87280000,1.18778000
3.68402137,200.99490000,1.07547200
3.73402137,200.73550000,0.94378490
3.78402136,200.14040000,0.82644120
3.83402136,199.77420000,0.69246500
3.88402136,199.75890000,0.57588430
3.93402135,199.04170000,0.44007690
3.98402135,197.79050000,0.31968140
4.03402135,196.79860000,0.18204290
4.08402135,196.34080000,0.06195258
4.13402134,195.18110000,-0.07522812
4.18402134,193.68570000,-0.19455550
4.23402134,191.94620000,-0.33173620
4.28402133,190.35920000,-0.45182650
4.33402133,188.57390000,-0.58763390
4.38402133,187.06320000,-0.70436720
4.43402132,184.83530000,-0.83880120
4.48402132,182.40910000,-0.95675530
4.53402132,180.10500000,-1.08798500
4.58402132,178.51800000,-1.19922500
4.63402131,175.92390000,-1.32648700
4.68402131,172.96360000,-1.43742200
4.73402131,170.15590000,-1.56071700
4.78402130,168.23330000,-1.66509000
4.83402130,165.24240000,-1.78304400
4.88402130,161.99220000,-1.88451800
4.93402129,158.74200000,-1.99758900
4.98402129,156.30050000,-2.09357000
5.03402129,152.95880000,-2.19977400
5.08402129,149.58650000,-2.28919300
5.13402128,145.87850000,-2.38883600
5.18402128,142.73510000,-2.47337300
5.23402128,138.96600000,-2.56538600
5.28402127,135.57850000,-2.64137700
5.33402127,131.59580000,-2.72530300
5.38402127,128.00990000,-2.79580100
5.43402126,123.98140000,-2.87148700
5.48402126,120.53280000,-2.93313400
5.53402126,116.29080000,-2.99935900
5.58402126,112.32340000,-3.05322400
5.63402125,107.98970000,-3.10968400
5.68402125,104.41910000,-3.15454600
5.73402125,100.08540000,-3.20184900
5.78402124,96.07227000,-3.23954000
5.83402124,91.58604000,-3.27753500
5.88402124,87.72545000,-3.30652800
5.93402124,83.30026000,-3.33353700
5.98402123,79.45493000,-3.35184800
6.03402123,74.92294000,-3.36771800
6.08402123,70.84872000,-3.37687300
6.13402122,66.28620000,-3.38343500
6.18402122,62.41035000,-3.38587600
6.23402122,57.95465000,-3.38206100
6.28402121,54.09406000,-3.37290600
6.33402121,49.65361000,-3.35795200
6.38402121,45.76250000,-3.34116600
6.43402121,41.47465000,-3.31614100
6.48402120,37.91925000,-3.28959000
6.53402120,33.64666000,-3.25464700
6.58402120,29.74029000,-3.22046600
6.63402119,25.52873000,-3.17545100
6.68402119,22.08014000,-3.13119900
6.73402119,18.06696000,-3.07580800
6.78402118,14.52681000,-3.02301100
6.83402118,10.51363000,-2.95846400
6.88402118,7.00399700,-2.89864800
6.93402118,3.41807300,-2.82479300
6.98402117,0.70192570,-2.75551600
7.03402117,-2.80770300,-2.67357400
7.08402117,-6.22577600,-2.59987200
7.13402116,-9.53703400,-2.50923200
7.18402116,-11.88696000,-2.42454300
7.23402116,-15.01511000,-2.32612100
7.28402116,-18.14325000,-2.23853300
7.33402115,-21.02725000,-2.13400700
7.38402115,-22.91940000,-2.03924700
7.43402115,-25.42192000,-1.92693900
7.48402114,-27.89392000,-1.82561700
7.53402114,-30.33540000,-1.70812100
7.58402114,-32.15125000,-1.60435800
7.63402113,-34.04340000,-1.48152100
7.68402113,-35.41673000,-1.37089100
7.73402113,-37.36991000,-1.24393400
7.78402113,-39.42991000,-1.13300000
7.83402112,-40.92532000,-1.00177000
7.88402112,-41.42887000,-0.88351080
7.93402112,-42.89376000,-0.74922940
7.98402111,-44.99954000,-0.63325910
8.03402111,-45.88457000,-0.49714650
8.08402111,-45.31998000,-0.37553030
8.13402110,-45.77776000,-0.23789180
8.18402110,-47.07480000,-0.11917480
8.23402110,-47.53257000,0.01815851
8.28402110,-47.05954000,0.13901180
8.33402109,-47.16635000,0.27726070
8.38402109,-47.80724000,0.39811400
8.43402109,-47.74620000,0.53544720
8.48402108,-47.05954000,0.65416430
8.53402108,-46.54072000,0.78966640
8.58402108,-46.29657000,0.90746790
8.63402107,-45.59465000,1.04007100
8.68402107,-44.63332000,1.15390500
8.73402107,-43.48887000,1.28360900
8.78402107,-42.42073000,1.39606900
8.83402106,-41.23050000,1.52165300
8.88402106,-40.26917000,1.62831500
8.93402106,-38.86532000,1.74901600
8.98402105,-37.38517000,1.85277900
9.03402105,-35.76769000,1.96798600
9.08402105,-34.39436000,2.06518700
9.13402105,-32.50221000,2.17352800
9.18402104,-30.54903000,2.26523600
9.23402104,-28.27540000,2.36762600
9.28402104,-26.20014000,2.45460400
9.33402103,-23.86547000,2.55043200
9.38402103,-21.88177000,2.63115300
9.43402103,-19.47081000,2.71889400
9.48402102,-17.28873000,2.79137500
9.53402102,-14.64888000,2.87026600
9.58402102,-12.25318000,2.93557500
9.63402102,-9.47599700,3.00500500
9.68402101,-7.03451600,3.06085400
9.73402101,-4.18103600,3.12097500
9.78402101,-1.64799900,3.17011000
9.83402100,1.29703700,3.22122900
9.88402100,3.92162800,3.26120800
9.93402100,6.94296000,3.30240800
9.98402099,9.58281100,3.33414700
10.03402099,12.63466000,3.36451300
10.08402099,15.32029000,3.38572300
10.13402099,18.55525000,3.40662900
10.18402098,21.56133000,3.42188800
10.23402098,24.73525000,3.43287400
10.28402098,27.29881000,3.43699500
10.33402097,30.36592000,3.43638400
10.38402097,33.17362000,3.43119600
10.43402097,36.25599000,3.42036200
10.48402097,38.86532000,3.40647600
10.53402096,41.82561000,3.38526600
10.58402096,44.38917000,3.36207200
10.63402096,47.28843000,3.33109500
10.68402095,49.79095000,3.30027200
10.73402095,52.59865000,3.25937700
10.78402095,54.97909000,3.21894000
10.83402094,57.67998000,3.16736300
10.88402094,59.98413000,3.11777100
10.93402094,62.53242000,3.05658100
10.98402094,64.66872000,2.99935900
11.03402093,67.01865000,2.92947200
11.08402093,68.95657000,2.86462000
11.13402093,71.18443000,2.78603500
11.18402092,73.13760000,2.71401100
11.23402092,75.06026000,2.62627000
11.28402092,76.41834000,2.54493900
11.33402091,78.41730000,2.44941600
11.38402091,80.56886000,2.36381100
11.43402091,82.24738000,2.26142100
11.48402091,83.04086000,2.16849300
11.53402090,84.36842000,2.05938900
11.58402090,85.89434000,1.96203500
11.63402090,86.96249000,1.84652200
11.68402089,87.31345000,1.74245400
11.73402089,88.13745000,1.62144800
11.78402089,89.17508000,1.51417600
11.83402089,89.83123000,1.38950800
11.88402088,89.95330000,1.27933600
11.93402088,90.09064000,1.14993700
11.98402088,90.16693000,1.03381500
12.03402087,90.27375000,0.90136410
12.08402087,90.42634000,0.78646200
12.13402087,90.04486000,0.65157020
12.18402086,89.20560000,0.53071690
12.23402086,88.70204000,0.39399390
12.28402086,88.65627000,0.27634510
12.33402086,87.83227000,0.13916440
12.38402085,86.45893000,0.01770074
12.43402085,85.36027000,-0.11963260
12.48402085,84.82619000,-0.23819700
12.53402084,83.48338000,-0.37507250
12.58402084,81.68279000,-0.49562060
12.63402084,79.94323000,-0.63158050
12.68402083,78.66145000,-0.74831380
12.73402083,76.87612000,-0.88106940
12.78402083,75.10605000,-0.99597160
12.83402083,72.67982000,-1.12674300
12.88402082,70.14679000,-1.24042500
12.93402082,67.75109000,-1.36692400
12.98402082,66.10309000,-1.47373900
13.03402081,63.52427000,-1.59474500
13.08402081,60.70131000,-1.69911800
13.13402081,57.66472000,-1.81539400
13.18402080,55.17746000,-1.91396800
13.23402080,52.00354000,-2.02459800
13.28402080,48.92117000,-2.11935800
13.33402080,45.67095000,-2.22388400
13.38402079,43.10739000,-2.31193000
13.43402079,39.56725000,-2.40836800
13.48402079,35.98132000,-2.48863200
13.53402078,32.10547000,-2.57759300
13.58402078,28.91629000,-2.65266900
13.63402078,25.10147000,-2.73415300
13.68402078,21.65288000,-2.80159900
13.73402077,17.62444000,-2.87469100
13.78402077,14.02325000,-2.93527000
13.83402077,10.10163000,-2.99768100
13.88402076,6.89718300,-3.04590000
13.93402076,2.68562900,-3.09823900
13.98402076,-1.46488800,-3.14111800
14.03402075,-5.84429400,-3.18567500
14.08402075,-9.35392300,-3.22061800
14.13402075,-13.53496000,-3.25449400
14.18402075,-17.28873000,-3.27875600
14.23402074,-21.69866000,-3.30195000
14.28402074,-25.68132000,-3.31782000
14.33402074,-30.03021000,-3.33109500
14.38402073,-33.64666000,-3.33811500
14.43402073,-37.93451000,-3.34162400
14.48402073,-41.81036000,-3.34070900
14.53402072,-46.00665000,-3.33323200
14.58402072,-49.45524000,-3.32102400
14.63402072,-53.65154000,-3.30225500
14.68402072,-57.49687000,-3.28135000
14.73402071,-61.70842000,-3.25281500
14.78402071,-65.24857000,-3.22397500
14.83402071,-69.27702000,-3.18567500
14.88402070,-72.80190000,-3.14798400
14.93402070,-76.69301000,-3.09915500
14.98402070,-79.95850000,-3.05185100
15.03402070,-83.57493000,-2.99310300
15.08402069,-86.58101000,-2.93786400
15.13402069,-90.07538000,-2.87011300
15.18402069,-93.18826000,-2.80724500
15.23402068,-96.39271000,-2.73110200
15.28402068,-98.86471000,-2.66106200
15.33402068,-101.87080000,-2.57530500
15.38402067,-104.60220000,-2.49565100
15.43402067,-107.68460000,-2.40272200
15.48402067,-110.41600000,-2.32032200
15.53402067,-113.02530000,-2.22006900
15.58402066,-114.84110000,-2.12759800
15.63402066,-117.22160000,-2.02002000
15.68402066,-119.57150000,-1.92449700
15.73402065,-121.67730000,-1.81066300
15.78402065,-123.00480000,-1.70766300
15.83402065,-124.77490000,-1.58787800
15.88402064,-126.52970000,-1.48182600
15.93402064,-128.08620000,-1.35822600
15.98402064,-129.09330000,-1.24851200
16.03402064,-130.17670000,-1.11987700
16.08402063,-131.07700000,-1.00466900
16.13402063,-131.93150000,-0.87267680
16.18402063,-132.95390000,-0.75731680
16.23402062,-129.79520000,-0.62425610
16.28402062,-123.69150000,-0.50737020
16.33402062,-112.14030000,-0.37644580
16.38402061,-97.06412000,-0.26520590
16.43402061,-86.38264000,-0.13199250
16.48402061,-82.30841000,-0.01113926
16.53402061,-76.90664000,0.12497330
16.58402060,-72.05420000,0.24185920
16.63402060,-67.46116000,0.37766660
16.68402060,-64.31775000,0.49775690
16.73402059,-60.70131000,0.63310650
16.78402059,-57.66472000,0.74953460
16.83402059,-53.91095000,0.88259530
16.88402059,-50.32502000,0.99856560
16.93402058,-47.19687000,1.12979500
16.98402058,-45.35051000,1.24286600
17.03402058,-42.52754000,1.36967100
17.08402057,-39.52147000,1.47770600
17.13402057,-36.39332000,1.60100100
17.18402057,-33.86028000,1.70827400
17.23402056,-31.17466000,1.82668500
17.28402056,-29.08414000,1.92648100
17.33402056,-26.49006000,2.03924700
17.38402056,-24.04858000,2.13644800
17.43402055,-21.63762000,2.24341600
17.48402055,-19.89807000,2.33314000
17.53402055,-17.56340000,2.43278300
17.58402054,-15.19822000,2.51670900
17.63402054,-12.92459000,2.60902700
17.68402054,-11.30711000,2.68608700
17.73402053,-9.24710800,2.77047000
17.78402053,-7.29392300,2.84035800
17.83402053,-5.03555400,2.91680600
17.88402053,-3.02133200,2.98074300
17.93402052,-0.80874040,3.04773100
17.98402052,0.57985160,3.10083300
18.03402052,6.79036800,3.15607200
18.08402051,15.33555000,3.19956100
18.13402051,34.39436000,3.24015000
18.18402051,61.17435000,3.26700600
18.23402051,74.00738000,3.30057700
18.28402050,70.05524000,3.33262100
18.33402050,73.29019000,3.35993500
18.38402050,81.74382000,3.37611000
18.43402049,86.15375000,3.39182700
18.48402049,85.60442000,3.40281400
18.53402049,88.76308000,3.40937500
18.58402048,94.63789000,3.41013800
18.63402048,98.39167000,3.40586600
18.68402048,99.20041000,3.39762600
18.73402048,102.25230000,3.38297700
18.78402047,106.66220000,3.36558100
18.83402047,110.00400000,3.34070900
18.88402047,111.51460000,3.31446300
18.93402046,114.35280000,3.27951900
18.98402046,117.74040000,3.24488000
19.03402046,120.71600000,3.20017100
19.08402045,122.59280000,3.15668200
19.13402045,125.08010000,3.10144400
19.18402045,127.49110000,3.04864600
19.23402045,129.97830000,2.98440500
19.28402044,131.94680000,2.92504600
19.33402044,134.17460000,2.85226000
19.38402044,136.11250000,2.78466100
19.43402043,138.12680000,2.70226100
19.48402043,139.68320000,2.62596500
19.53402043,141.63640000,2.53547800
19.58402042,143.51330000,2.45368800
19.63402042,145.10020000,2.35572400
19.68402042,145.98530000,2.26630400
19.73402042,147.37390000,2.16193100
19.78402041,148.93030000,2.06900200
19.83402041,150.02900000,1.95791500
19.88402041,150.41050000,1.85705100
19.93402040,151.23450000,1.74001300
19.98402040,152.24160000,1.63625000
20.03402040,153.27920000,1.51493900
20.08402040,154.19480000,1.40690300
20.13402039,154.53050000,1.27994600
20.18402039,154.21000000,1.16611200
20.23402039,153.95060000,1.03457700
20.28402038,153.76750000,0.91891230
20.33402038,153.23340000,0.78478350
20.38402038,152.40940000,0.66637160
20.43402037,152.47050000,0.53147980
20.48402037,153.58440000,0.41459400
20.53402037,152.60780000,0.27756580
20.58402037,149.78480000,0.15488140
20.63402036,147.74010000,0.01709037
20.68402036,146.73300000,-0.10101630
20.73402036,145.87850000,-0.23758660
20.78402035,145.52750000,-0.35767690
20.83402035,144.61190000,-0.49394210
20.88402035,143.52850000,-0.61189610
20.93402034,141.01080000,-0.74694050
20.98402034,137.51640000,-0.86474200
21.03402034,134.98340000,-0.99703970
21.08402034,133.96100000,-1.11011100
21.13402033,132.02310000,-1.23813600
21.18402033,129.81050000,-1.34830800
21.23402033,127.27740000,-1.47373900
21.28402032,125.04960000,-1.58269000
21.33402032,122.13510000,-1.70323800
21.38402032,119.25110000,-1.80471200
21.43402032,116.01610000,-1.91900400
21.48402031,113.20840000,-2.01696800
21.53402031,110.14130000,-2.12454600
21.58402031,107.65400000,-2.21411800
21.63402030,104.12920000,-2.31574400
21.68402030,100.45170000,-2.40363800
21.73402030,96.59108000,-2.49809300
21.78402029,93.52396000,-2.57515200
21.83402029,89.73968000,-2.66090900
21.88402029,86.21478000,-2.73293300
21.93402029,82.29315000,-2.81151800
21.98402028,78.95138000,-2.87652200
22.03402028,74.90768000,-2.94595200
22.08402028,71.18443000,-3.00225800
22.13402027,66.86605000,-3.06176900
22.18402027,63.03598000,-3.10922600
22.23402027,58.68709000,-3.15881800
22.28402026,54.91806000,-3.19757700
22.33402026,50.50813000,-3.23801400
22.38402026,46.54072000,-3.26990600
22.43402026,42.14606000,-3.30057700
22.48402025,38.43806000,-3.32255000
22.53402025,34.01288000,-3.34223500
22.58402025,29.98443000,-3.35474700
22.63402024,25.45243000,-3.36344500
22.68402024,21.50029000,-3.36603900
22.73402024,17.13614000,-3.36497100
22.78402023,13.48918000,-3.36024000
22.83402023,9.17081200,-3.34955900
22.88402023,5.27970200,-3.33582600
22.93402023,1.02237000,-3.31370000
22.98402022,-2.48725800,-3.28852200
23.03402022,-6.75985000,-3.25571500
23.08402022,-10.69674000,-3.22336500
23.13402021,-14.80148000,-3.18140200
23.18402021,-18.03644000,-3.14035500
23.23402021,-21.97333000,-3.08862600
23.28402021,-25.63555000,-3.03933800
23.33402020,-29.38932000,-2.97692800
23.38402020,-32.30384000,-2.91741700
23.43402020,-35.90503000,-2.84585100
23.48402019,-39.24680000,-2.78069400
23.53402019,-42.80221000,-2.70149900
23.58402019,-45.70147000,-2.62886400
23.63402018,-48.84487000,-2.54051300
23.68402018,-51.42368000,-2.45918200
23.73402018,-54.46028000,-2.36274300
23.78402018,-57.17642000,-2.27576500
23.83402017,-60.04517000,-2.17291800
23.88402017,-62.34931000,-2.08059900
23.93402017,-64.74501000,-1.97088500
23.98402016,-66.59138000,-1.87154800
24.03402016,-68.86501000,-1.75603500
24.08402016,-71.00131000,-1.65364500
24.13402015,-73.00027000,-1.53218200
24.18402015,-74.35835000,-1.42246800
24.23402015,-76.11316000,-1.29596900
24.28402015,-77.79168000,-1.18503400
24.33402014,-79.27183000,-1.05548300
24.38402014,-80.18738000,-0.94058050
24.43402014,-81.36234000,-0.80690940
24.48402013,-82.47626000,-0.68865020
24.53402013,-83.63597000,-0.55269020
24.58402013,-84.61256000,-0.43351540
24.63402013,-85.07034000,-0.29602950
24.68402012,-84.82619000,-0.17517620
24.73402012,-85.03982000,-0.03753777
24.78402012,-85.61967000,0.08148442
24.83402011,-85.69597000,0.21927550
24.88402011,-85.26871000,0.34058660
24.93402011,-84.99404000,0.47822510
24.98402010,-84.96352000,0.59724720
25.03402010,-84.41419000,0.73320720
25.08402010,-83.46812000,0.85161900
25.13402010,-82.65938000,0.98483230
25.18402009,-82.21686000,1.09881900
25.23402009,-81.17924000,1.22882800
25.28402009,-79.85168000,1.34174600
25.33402008,-78.37153000,1.46900800
25.38402008,-77.10501000,1.57841700
25.43402008,-75.59435000,1.70064400
25.48402007,-74.23627000,1.80455900
25.53402007,-72.40516000,1.92175100
25.58402007,-70.54353000,2.02230900
25.63402007,-68.57509000,2.13278600
25.68402006,-67.01865000,2.22495200
25.73402006,-64.74501000,2.32902000
25.78402006,-62.30353000,2.41813400
25.83402005,-59.90783000,2.51579300
25.88402005,-58.16828000,2.59743000
25.93402005,-55.68102000,2.68700200
25.98402004,-53.10220000,2.76146700
26.03402004,-50.37080000,2.84279900
26.08402004,-48.17347000,2.90994000
26.13402004,-45.33524000,2.98196400
26.18402003,-42.60384000,3.04040600
26.23402003,-39.61303000,3.10342700
26.28402003,-37.11050000,3.15485100
26.33402002,-34.15021000,3.20825800
26.38402002,-31.51036000,3.25006900
26.43402002,-28.41273000,3.29416800
26.48402002,-25.68132000,3.32911200
26.53402001,-22.32429000,3.36359800
26.58402001,-19.18088000,3.38892800
26.63402001,-15.80859000,3.41227500
26.68402000,-13.06192000,3.42783900
26.73402000,-9.85747800,3.44111400
26.78402000,-7.03451600,3.44920200
26.83401999,-3.84533200,3.45194900
26.88401999,-1.12918500,3.44874400
26.93401999,2.15155500,3.44111400
26.98401999,5.17288700,3.43089100
27.03401998,8.43836800,3.41288500
27.08401998,11.13926000,3.39152200
27.13401998,14.25214000,3.36268200
27.18401997,16.98355000,3.33399500
27.23401997,19.92859000,3.29508400
27.28401997,22.33955000,3.25632500
27.33401996,25.16251000,3.20734300
27.38401996,27.64977000,3.16065000
27.43401996,30.42695000,3.10296900
27.48401996,32.80740000,3.04910400
27.53401995,35.38621000,2.98181100
27.58401995,37.52250000,2.91802700
27.63401995,40.02502000,2.84173100
27.68401994,42.28339000,2.77230100
27.73401994,44.48072000,2.68730700
27.78401994,46.03717000,2.60811200
27.83401994,48.02087000,2.51442000
27.88401993,49.91302000,2.42988400
27.93401993,51.80516000,2.32993600
27.98401993,53.25480000,2.24005900
28.03401992,54.71968000,2.13217600
28.08401992,55.81835000,2.03375300
28.13401992,57.13065000,1.92007200
28.18401991,58.35139000,1.82027600
28.23401991,59.25168000,1.70110200
28.28401991,59.54161000,1.59276100
28.33401991,60.41138000,1.46885600
28.38401990,61.66264000,1.36082000
28.43401990,62.15094000,1.23310000
28.48401990,61.75420000,1.11835100
28.53401989,61.89153000,0.98605300
28.58401989,62.50190000,0.86962490
28.63401989,62.48664000,0.73519090
28.68401988,61.87627000,0.61677910
28.73401988,61.34220000,0.48036130
28.78401988,60.94546000,0.36027100
28.83401988,60.35035000,0.22339550
28.88401987,59.70946000,0.10452590
28.93401987,58.73287000,-0.03326518
28.98401987,57.64946000,-0.15503400
29.03401986,56.56605000,-0.29206210
29.08401986,55.80309000,-0.40910060
29.13401986,54.33820000,-0.54475540
29.18401985,52.52235000,-0.66423540
29.23401985,50.75228000,-0.79866940
29.28401985,49.50102000,-0.91387680
29.33401985,47.45628000,-1.04510600
29.38401984,45.15213000,-1.15894000
29.43401984,42.89376000,-1.28650800
29.48401984,41.29154000,-1.39576400
29.53401983,38.81954000,-1.51875400
29.58401983,36.14917000,-1.62434800
29.63401983,33.23465000,-1.74275900
29.68401983,30.74740000,-1.84392800
29.73401982,27.83288000,-1.95638900
29.78401982,25.23881000,-2.05160700
29.83401982,22.03436000,-2.15796400
29.88401981,18.98251000,-2.24845100
29.93401981,15.61022000,-2.34717800
29.98401981,12.77200000,-2.42912100
30.03401980,9.18607000,-2.52006600
30.08401980,5.75273800,-2.59666700
30.13401980,2.02948100,-2.68044100
30.18401980,-1.00711100,-2.74987000
30.23401979,-4.85244300,-2.82494600
30.28401979,-8.52992300,-2.88674600
30.33401979,-12.48207000,-2.95312400
30.38401978,-15.71703000,-3.00759900
30.43401978,-19.62340000,-3.06314300
30.48401978,-23.19407000,-3.10541100
30.53401977,-27.39036000,-3.15149400
30.58401977,-31.20517000,-3.18964200
30.63401977,-35.37095000,-3.22687500
30.68401977,-38.80428000,-3.25388300
30.73401976,-42.93954000,-3.28058700
30.78401976,-46.70858000,-3.30027200
30.83401976,-50.92013000,-3.31644700
30.88401975,-54.50606000,-3.32499200
30.93401975,-58.70235000,-3.33033200
30.98401975,-62.44087000,-3.33094300
31.03401975,-66.51508000,-3.32651800
31.08401974,-69.90264000,-3.31843000
31.13401974,-73.79375000,-3.30332400
31.18401974,-77.18130000,-3.28486000
31.23401973,-81.01138000,-3.25922400
31.28401973,-84.33789000,-3.23267300
31.33401973,-87.96960000,-3.19803500
31.38401972,-91.83018000,-3.16385400
31.43401972,-87.26767000,-3.12219600
31.48401972,-75.18234000,-3.08374300
31.53401972,-64.40931000,-3.03384500
31.58401971,-56.52028000,-2.98562600
31.63401971,-50.32502000,-2.92413100
31.68401971,-47.45628000,-2.86492500
31.73401970,-44.70961000,-2.79320700
31.78401970,-43.15317000,-2.72743900
31.83401970,-40.49806000,-2.64717600
31.88401969,-37.38517000,-2.57301500
31.93401969,-35.09629000,-2.48466400
31.98401969,-34.22651000,-2.40455300
32.03401969,-32.38013000,-2.30826700
32.08401968,-30.13703000,-2.22006900
32.13401968,-27.98547000,-2.11615300
32.18401968,-26.39851000,-2.02291900
32.23401967,-24.70473000,-1.91305300
32.28401967,-23.40770000,-1.81493600
32.33401967,-21.45451000,-1.69805000
32.38401966,-19.27244000,-1.59215100
32.43401966,-17.48711000,-1.47068700
32.48401966,-16.57155000,-1.36478800
32.53401966,-14.96933000,-1.23874600
32.58401965,-13.15348000,-1.12476000
32.63401965,-11.35289000,-0.99475080
32.68401965,-9.99481200,-0.88198490
32.73401964,-8.45362700,-0.74877160
32.78401964,-7.14133100,-0.62913910
32.83401964,-5.50859100,-0.49317910
32.88401964,-3.95214700,-0.37553030
32.93401963,-2.53303600,-0.23926510
32.98401963,-1.64799900,-0.11948000
33.03401963,-0.32044430,0.01831111
33.08401962,1.06814800,0.13931700
33.13401962,2.54829500,0.27634510
33.18401962,3.76903600,0.39460430
33.23401961,5.09659100,0.53117470
33.28401961,6.13422000,0.65157020
33.33401961,7.62962700,0.78646200
33.38401961,9.12503300,0.90151680
33.43401960,10.71200000,1.03366200
33.48401960,11.15452000,1.14993700
33.53401960,20.08118000,1.27536800
33.58401959,34.89791000,1.37806300
33.63401959,54.46028000,1.49494900
33.68401959,76.14368000,1.59505000
33.73401958,84.33789000,1.71330900
33.78401958,76.49464000,1.82012400
33.83401958,77.99004000,1.93441600
33.88401958,87.42027000,2.02703900
33.93401957,91.20457000,2.13522700
33.98401957,88.74783000,2.23151400
34.03401957,90.92989000,2.33375000
34.08401956,96.97256000,2.41645600
34.13401956,99.96337000,2.51045300
34.18401956,99.27671000,2.59178400
34.23401956,101.51980000,2.67799900
34.28401955,105.91450000,2.74712400
34.33401955,109.13420000,2.82525100
34.38401955,110.50750000,2.89239200
34.43401954,113.14740000,2.96258400
34.48401954,116.30600000,3.01828100
34.53401954,119.12900000,3.07794400
34.58401953,120.89910000,3.12601100
34.63401953,123.84410000,3.17636700
34.68401953,127.24690000,3.21634600
34.73401953,130.26820000,3.25678300
34.78401952,132.17570000,3.28730100
34.83401952,135.07490000,3.31782000
34.88401952,138.20310000,3.34055600
34.93401951,141.07180000,3.36054600
34.98401951,142.94870000,3.37321100
35.03401951,145.74110000,3.38145100
35.08401950,148.70140000,3.38328200
35.13401950,151.69220000,3.38236600
35.18401950,153.96590000,3.37885700
35.23401950,156.80410000,3.36848000
35.28401949,159.45920000,3.35428900
35.33401949,162.22110000,3.33216400
35.38401949,164.37270000,3.30759600
35.43401948,167.01250000,3.27585700
35.48401948,169.46930000,3.24488000
35.53401948,171.97180000,3.20337500
35.58401948,173.86390000,3.16202300
35.63401947,176.18330000,3.10998900
35.68401947,178.35020000,3.06054900
35.73401947,180.37960000,2.99859600
35.78401946,181.73770000,2.93954300
35.83401946,183.84350000,2.86904500
35.88401946,186.22390000,2.80480400
35.93401945,188.13130000,2.72576100
35.98401945,189.12320000,2.65221100
36.03401945,190.69490000,2.56386000
36.08401945,192.40390000,2.48329100
36.13401944,193.92990000,2.38776800
36.18401944,194.93700000,2.30155300
36.23401944,196.06620000,2.19931700
36.28401943,197.02750000,2.10730300
36.33401943,197.95830000,1.99789400
36.38401943,198.62970000,1.89901400
36.43401942,199.28590000,1.78289100
36.48401942,199.75890000,1.67882300
36.53401942,200.27770000,1.55812300
36.58401942,200.73550000,1.45130800
36.63401941,200.87280000,1.32602900
36.68401941,200.64390000,1.21387400
36.73401941,200.56760000,1.08447500
36.78401940,200.68970000,0.97048860
36.83401940,200.44560000,0.83803830
36.88401940,199.91150000,0.72069460
36.93401939,199.22480000,0.58519240
36.98401939,198.50760000,0.46617020
37.03401939,197.80570000,0.32959990
37.08401939,197.36320000,0.21027250
37.13401938,196.23400000,0.07263406
37.18401938,194.70810000,-0.04837184
37.23401938,193.22790000,-0.18539990
37.28401937,192.19030000,-0.30365920
37.33401937,190.43550000,-0.44007690
37.38401937,188.40600000,-0.56001470
37.43401937,186.55960000,-0.69536420
37.48401936,185.41520000,-0.81179240
37.53401936,183.14160000,-0.94500570
37.58401936,180.30330000,-1.06128100
37.63401935,177.95340000,-1.19098500
37.68401935,176.70220000,-1.30130900
37.73401935,174.07760000,-1.42674000
37.78401934,170.76630000,-1.53553900
37.83401934,167.83650000,-1.65685000
37.88401934,166.02070000,-1.75985000
37.93401934,162.96880000,-1.87612500
37.98401933,159.47450000,-1.97607400
38.03401933,156.04110000,-2.08639800
38.08401933,153.47760000,-2.17947900
38.13401932,150.10530000,-2.28247900
38.18401932,146.88560000,-2.36915200
38.23401932,142.93340000,-2.46513300
38.28401931,139.19490000,-2.54615900
38.33401931,135.44110000,-2.63420500
38.38401931,132.70970000,-2.70699200
38.43401931,128.66600000,-2.78832400
38.48401930,124.33240000,-2.85805800
38.53401930,120.30400000,-2.93038700
38.58401930,117.67940000,-2.98699900
38.63401929,113.45260000,-3.04849400
38.68401929,108.72220000,-3.09915500
38.73401929,104.29700000,-3.15164600
38.78401929,101.30620000,-3.19254100
38.83401928,96.78944000,-3.23587800
38.88401928,91.89122000,-3.27066900
38.93401928,87.32871000,-3.30469700
38.98401927,84.23108000,-3.32956900
39.03401927,79.92797000,-3.35200000
39.08401927,75.54856000,-3.36634400
39.13401926,70.97079000,-3.37778900
39.18401926,67.30857000,-3.38343500
39.23401926,62.83760000,-3.38526600
39.28401926,58.67183000,-3.38282400
39.33401925,54.24665000,-3.37443200
39.38401925,50.69124000,-3.36207200
39.43401925,46.22028000,-3.34299800
39.48401924,41.99347000,-3.32209200
39.53401924,37.46147000,-3.29248900
39.58401924,33.75347000,-3.26181800
39.63401923,29.66399000,-3.22260200
39.68401923,26.27644000,-3.18460700
39.73401923,22.27851000,-3.13577700
39.78401923,18.69258000,-3.08847300
39.83401922,14.64888000,-3.02926700
39.88401922,11.13926000,-2.97311300
39.93401922,7.20236800,-2.90444700
39.98401921,3.81481300,-2.84081600
40.03401921,0.15259250,-2.76345100
40.08401921,-2.86874000,-2.69234300
40.13401920,-6.07318300,-2.60658600
40.18401920,-8.59096100,-2.52800100
40.23401920,-11.56651000,-2.43415600
40.28401920,-14.16059000,-2.34870500
40.33401919,-17.27348000,-2.24738300
40.38401919,-20.15747000,-2.15567500
40.43401919,-23.02621000,-2.04763900
40.48401918,-25.14725000,-1.95059000
40.53401918,-27.58873000,-1.83614600
40.58401918,-29.70977000,-1.73329900
40.63401918,-32.01391000,-1.61336100
40.68401917,-33.90606000,-1.50730900
40.73401917,-35.81347000,-1.38233600
40.78401917,-37.20206000,-1.27033300
40.83401916,-38.88058000,-1.14185000
40.88401916,-40.40651000,-1.02938900
40.93401916,-41.70354000,-0.89678640
40.98401915,-42.43599000,-0.77776420
41.03401915,-43.67199000,-0.64256720
41.08401915,-45.13688000,-0.52552870
41.13401915,-46.00665000,-0.38911100
41.18401914,-46.05243000,-0.26810510
41.23401914,-46.72383000,-0.13031400
41.28401914,-47.85302000,-0.01083407
41.33401913,-48.29554000,0.12710960
41.38401913,-48.02087000,0.24811550
41.43401913,-47.66991000,0.38666950
41.48401912,-47.22739000,0.50767540
41.53401912,-47.01376000,0.64378800
41.58401912,-47.10532000,0.76052120
41.63401912,-46.51020000,0.89526050
41.68401911,-45.38102000,1.01367200
41.73401911,-44.48072000,1.14566500
41.78401911,-44.03821000,1.25766800
41.83401910,-42.90902000,1.38493000
41.88401910,-41.41361000,1.49494900
41.93401910,-39.99451000,1.61839700
41.98401910,-39.01791000,1.72383800
42.03401909,-37.50724000,1.84255500
42.08401909,-35.87451000,1.94433400
42.13401909,-34.11969000,2.05725300
42.18401908,-32.65480000,2.15231800
42.23401908,-30.73214000,2.25837000
42.28401908,-28.80947000,2.34794200
42.33401907,-26.59688000,2.44727900
42.38401907,-24.59792000,2.53090000
42.43401907,-22.24799000,2.62291300
42.48401907,-20.11170000,2.69966700
42.53401906,-17.54814000,2.78374600
42.58401906,-15.19822000,2.85348100
42.63401906,-12.52785000,2.92870900
42.68401905,-10.22370000,2.99005100
42.73401905,-7.43125700,3.05612300
42.78401905,-4.85244300,3.10998900
42.83401904,-2.04474000,3.16629500
42.88401904,0.25940730,3.21054700
42.93401904,3.29599900,3.25678300
42.98401904,6.27155400,3.29310000
43.03401903,9.53703400,3.33033200
43.08401903,12.26844000,3.35902000
43.13401903,15.50340000,3.38618100
43.18401902,18.43318000,3.40495000
43.23401902,21.48503000,3.42082000
43.28401902,23.83496000,3.42967000
43.33401901,26.77999000,3.43546900
43.38401901,29.54192000,3.43638400
43.43401901,32.74636000,3.43211200
43.48401901,35.64562000,3.42341400
43.53401900,38.74324000,3.40861200
43.58401900,41.27628000,3.39136900
43.63401900,44.16028000,3.36588600
43.68401899,46.60176000,3.33872500
43.73401899,49.50102000,3.30301800
43.78401899,52.14087000,3.26792200
43.83401899,54.79598000,3.22199200
43.88401898,56.85598000,3.17697700
43.93401898,58.62605000,3.12036500
43.98401898,59.49583000,3.06650000
44.03401897,62.05938000,3.00241100
44.08401897,65.69109000,2.94503600
44.13401897,68.63612000,2.87163900
44.18401896,70.19257000,2.80114200
44.23401896,73.04604000,2.71874100
44.28401896,76.50990000,2.64565000
44.33401896,78.76827000,2.55455200
44.38401895,79.34812000,2.46849000
44.43401895,80.05005000,2.36899900
44.48401895,80.46205000,2.28125900
44.53401894,81.85063000,2.17688500
44.58401894,83.84959000,2.08273600
44.63401894,85.90960000,1.97134300
44.68401893,87.71019000,1.87078500
44.73401893,88.41212000,1.75252500
44.78401893,87.72545000,1.64647400
44.83401893,87.89330000,1.52317900
44.88401892,88.70204000,1.41377000
44.93401892,89.46500000,1.28742300
44.98401892,90.09064000,1.17618300
45.03401891,90.48738000,1.04556400
45.08401891,90.60945000,0.92867820
45.13401891,90.45686000,0.79500720
45.18401891,90.09064000,0.67857900
45.23401890,89.35819000,0.54231390
45.28401890,88.39686000,0.42100280
45.33401890,87.83227000,0.28412730
45.38401889,87.84753000,0.16647850
45.43401889,87.03879000,0.02929777
45.48401889,85.66545000,-0.09216590
45.53401888,84.35316000,-0.22965180
45.58401888,83.40708000,-0.34836880
45.63401888,82.03374000,-0.48387100
45.68401888,80.66042000,-0.60151980
45.73401887,78.79879000,-0.73671680
45.78401887,76.90664000,-0.85528120
45.83401887,74.90768000,-0.98818930
45.88401886,73.33597000,-1.10141300
45.93401886,71.01657000,-1.22974300
45.98401886,68.55983000,-1.34067800
46.03401885,66.11835000,-1.46473600
46.08401885,64.36353000,-1.57033000
46.13401885,61.34220000,-1.68981000
46.18401885,57.74102000,-1.79296200
46.23401884,54.76546000,-1.90710200
46.28401884,53.22428000,-2.00323500
46.33401884,50.03510000,-2.11111800
46.38401883,46.05243000,-2.20328400
46.43401883,42.43599000,-2.30460500
46.48401883,40.04028000,-2.38944700
46.53401882,36.65273000,-2.48237600
46.58401882,33.18888000,-2.55974000
46.63401882,29.34355000,-2.64580200
46.68401882,26.03229000,-2.71889400
46.73401881,22.17170000,-2.79717400
46.78401881,18.76888000,-2.86126300
46.83401881,14.74044000,-2.92947200
46.88401880,11.07822000,-2.98471000
46.93401880,7.04977500,-3.04269500
46.98401880,3.72325800,-3.08847300
47.03401880,-0.61037020,-3.13745500
47.08401879,-4.85244300,-3.17728200
47.13401879,-9.26236700,-3.21771900
47.18401879,-12.75674000,-3.24900100
47.23401878,-16.98355000,-3.27860400
47.28401878,-20.82888000,-3.29920300
47.33401878,-25.16251000,-3.31797200
47.38401877,-28.90103000,-3.32987500
47.43401877,-33.28043000,-3.33872500
47.48401877,-37.21732000,-3.34269200
47.53401877,-41.58147000,-3.34147200
47.58401876,-45.25895000,-3.33536800
47.63401876,-49.45524000,-3.32300800
47.68401876,-53.08694000,-3.30729100
47.73401875,-57.29850000,-3.28424900
47.78401875,-61.03701000,-3.25968200
47.83401875,-65.11124000,-3.22702700
47.88401874,-68.49879000,-3.19437200
47.93401874,-72.38990000,-3.15164600
47.98401874,-75.79271000,-3.10983600
48.03401874,-79.56175000,-3.05673400
48.08401873,-82.72041000,-3.00561500
48.13401873,-86.35212000,-2.94290000
48.18401873,-89.51079000,-2.88476200
48.23401872,-92.91360000,-2.81319600
48.28401872,-95.67552000,-2.74636100
48.33401872,-98.94100000,-2.66655500
48.38401872,-101.90130000,-2.59407300
48.43401871,-104.86160000,-2.50541700
48.48401871,-107.05890000,-2.42301700
48.53401871,-109.85140000,-2.32627300
48.58401870,-112.52170000,-2.23975300
48.63401870,-115.07000000,-2.13660100
48.68401870,-116.84010000,-2.04306200
48.73401869,-119.08320000,-1.93304200
48.78401869,-121.18900000,-1.83446800
48.83401869,-123.15740000,-1.71788700
48.88401869,-124.48500000,-1.61275100
48.93401868,-126.22460000,-1.49113400
48.98401868,-127.96410000,-1.38386200
49.03401868,-129.44420000,-1.25827800
49.08401867,-130.34450000,-1.14642800
49.13401867,-131.21430000,-1.01580900
49.18401867,-131.84000000,-0.89907530
49.23401866,-132.19090000,-0.76631980
49.28401866,-132.99960000,-0.65080720
49.33401866,-125.29370000,-0.51896730
49.38401866,-110.62960000,-0.40437020
49.43401865,-98.16278000,-0.27329330
49.48401865,-90.01434000,-0.15976440
49.53401865,-82.33893000,-0.02578814
49.58401864,-77.25760000,0.09445479
49.63401864,-72.45094000,0.23102510
49.68401864,-69.41434000,0.34958950
49.73401863,-65.17227000,0.48539690
49.78401863,-60.83864000,0.60380870
49.83401863,-57.02383000,0.73885310
49.88401863,-54.73494000,0.85634930
49.93401862,-51.49998000,0.98849450
49.98401862,-48.24976000,1.10171800
50.03401862,-44.90799000,1.23096400
50.08401861,-42.29865000,1.34342500
50.13401861,-39.41465000,1.46916100
50.18401861,-37.04947000,1.57612800
50.23401861,-34.18073000,1.69774500
50.28401860,-31.55614000,1.80333900
